<?xml version="1.0" encoding="UTF-8"?>
<project-private xmlns="http://www.netbeans.org/ns/project-private/1">
    <editor-bookmarks xmlns="http://www.netbeans.org/ns/editor-bookmarks/2" lastBookmarkId="0"/>
    <open-files xmlns="http://www.netbeans.org/ns/projectui-open-files/2">
        <group>
            <file>file:/D:/3rd%20year%201st%20sem/EP/EP_Netbeans/JSPCrud/web/Insert.jsp</file>
            <file>file:/D:/3rd%20year%201st%20sem/EP/EP_Netbeans/JSPCrud/web/Register.html</file>
            <file>file:/D:/3rd%20year%201st%20sem/EP/EP_Netbeans/JSPCrud/web/Display.jsp</file>
            <file>file:/D:/3rd%20year%201st%20sem/EP/EP_Netbeans/JSPCrud/web/index.html</file>
            <file>file:/D:/3rd%20year%201st%20sem/EP/EP_Netbeans/JSPCrud/web/Process.jsp</file>
            <file>file:/D:/3rd%20year%201st%20sem/EP/EP_Netbeans/JSPCrud/web/Update.jsp</file>
            <file>file:/D:/3rd%20year%201st%20sem/EP/EP_Netbeans/JSPCrud/web/Delete.jsp</file>
        </group>
    </open-files>
</project-private>
